[09] solutions/09-feature-management-controller/README.md — accuracy review (2026-05-04)	solutions/09-feature-management-controller/README.md	c:\dev\FSI-CopilotGov-Solutions\artifacts-review\09-feature-management-controller\issue-bodies\README_md.md
[09] solutions/09-feature-management-controller/CHANGELOG.md — accuracy review (2026-05-04)	solutions/09-feature-management-controller/CHANGELOG.md	c:\dev\FSI-CopilotGov-Solutions\artifacts-review\09-feature-management-controller\issue-bodies\CHANGELOG_md.md
[09] solutions/09-feature-management-controller/DELIVERY-CHECKLIST.md — accuracy review (2026-05-04)	solutions/09-feature-management-controller/DELIVERY-CHECKLIST.md	c:\dev\FSI-CopilotGov-Solutions\artifacts-review\09-feature-management-controller\issue-bodies\DELIVERY-CHECKLIST_md.md
[09] solutions/09-feature-management-controller/docs/architecture.md — accuracy review (2026-05-04)	solutions/09-feature-management-controller/docs/architecture.md	c:\dev\FSI-CopilotGov-Solutions\artifacts-review\09-feature-management-controller\issue-bodies\docs__architecture_md.md
[09] solutions/09-feature-management-controller/docs/deployment-guide.md — accuracy review (2026-05-04)	solutions/09-feature-management-controller/docs/deployment-guide.md	c:\dev\FSI-CopilotGov-Solutions\artifacts-review\09-feature-management-controller\issue-bodies\docs__deployment-guide_md.md
[09] solutions/09-feature-management-controller/docs/evidence-export.md — accuracy review (2026-05-04)	solutions/09-feature-management-controller/docs/evidence-export.md	c:\dev\FSI-CopilotGov-Solutions\artifacts-review\09-feature-management-controller\issue-bodies\docs__evidence-export_md.md
[09] solutions/09-feature-management-controller/docs/prerequisites.md — accuracy review (2026-05-04)	solutions/09-feature-management-controller/docs/prerequisites.md	c:\dev\FSI-CopilotGov-Solutions\artifacts-review\09-feature-management-controller\issue-bodies\docs__prerequisites_md.md
[09] solutions/09-feature-management-controller/docs/troubleshooting.md — accuracy review (2026-05-04)	solutions/09-feature-management-controller/docs/troubleshooting.md	c:\dev\FSI-CopilotGov-Solutions\artifacts-review\09-feature-management-controller\issue-bodies\docs__troubleshooting_md.md
[09] solutions/09-feature-management-controller/config/default-config.json — accuracy review (2026-05-04)	solutions/09-feature-management-controller/config/default-config.json	c:\dev\FSI-CopilotGov-Solutions\artifacts-review\09-feature-management-controller\issue-bodies\config__default-config_json.md
[09] solutions/09-feature-management-controller/config/baseline.json — accuracy review (2026-05-04)	solutions/09-feature-management-controller/config/baseline.json	c:\dev\FSI-CopilotGov-Solutions\artifacts-review\09-feature-management-controller\issue-bodies\config__baseline_json.md
[09] solutions/09-feature-management-controller/config/recommended.json — accuracy review (2026-05-04)	solutions/09-feature-management-controller/config/recommended.json	c:\dev\FSI-CopilotGov-Solutions\artifacts-review\09-feature-management-controller\issue-bodies\config__recommended_json.md
[09] solutions/09-feature-management-controller/config/regulated.json — accuracy review (2026-05-04)	solutions/09-feature-management-controller/config/regulated.json	c:\dev\FSI-CopilotGov-Solutions\artifacts-review\09-feature-management-controller\issue-bodies\config__regulated_json.md